;wgt;wind;wdir
C;0.007856123;0.006728595;0.001127528
G;0.001904073;0.001904073;0
I;0.00904222;0.008853274;0.000188947
X;0.025370824;0.025370824;0
